order_id,order_date,region,product_category,customer_segment,sales_amount,discount_rate,profit,units_sold,customer_rating
ORD-1001,2024-01-05,North America,Electronics,Corporate,1250.50,0.05,312.60,2,4.8
ORD-1002,2024-01-07,Europe,Furniture,Consumer,480.00,0.15,72.00,1,3.9
ORD-1003,2024-01-10,Asia Pacific,Office Supplies,Small Business,150.25,0.00,45.00,5,4.5
ORD-1004,2024-01-12,North America,Technology,Corporate,2800.00,0.10,700.00,4,4.9
ORD-1005,2024-01-15,Latin America,Furniture,Consumer,320.00,0.20,16.00,2,3.2
ORD-1006,2024-01-18,Europe,Electronics,Corporate,1890.75,0.05,472.50,3,4.7
ORD-1007,2024-01-20,North America,Office Supplies,Consumer,85.50,0.00,28.20,3,4.1
ORD-1008,2024-01-22,Asia Pacific,Technology,Small Business,3400.00,0.15,850.00,5,5.0
ORD-1009,2024-01-25,Europe,Office Supplies,Corporate,210.00,0.05,63.00,4,4.0
ORD-1010,2024-01-28,North America,Furniture,Small Business,950.00,0.10,142.50,2,3.8
ORD-1011,2024-02-02,Asia Pacific,Electronics,Consumer,780.00,0.08,156.00,1,4.3
ORD-1012,2024-02-05,Latin America,Technology,Corporate,1950.00,0.12,390.00,2,4.4
ORD-1013,2024-02-08,Europe,Furniture,Corporate,1120.00,0.05,224.00,3,4.2
ORD-1014,2024-02-12,North America,Technology,Consumer,4200.00,0.15,1050.00,6,4.9
ORD-1015,2024-02-15,Asia Pacific,Office Supplies,Consumer,120.00,0.00,36.00,2,4.0
ORD-1016,2024-02-18,North America,Electronics,Small Business,1450.00,0.10,290.00,2,4.6
ORD-1017,2024-02-22,Europe,Technology,Corporate,3100.00,0.08,775.00,4,4.8
ORD-1018,2024-02-25,Latin America,Office Supplies,Small Business,95.00,0.00,28.50,3,3.7
ORD-1019,2024-02-28,North America,Furniture,Consumer,650.00,0.15,65.00,1,3.5
ORD-1020,2024-03-02,Asia Pacific,Electronics,Corporate,2200.00,0.05,550.00,3,4.7